cdr3	peptide	probability
CASSSRSSYEQYF	NLVPMVATV	0.5945012
CASSFQTGASYGYTF	NLVPMVATV	0.93768704
CASSSAFYGYTF	NLVPMVATV	0.8383541
CASSRGDTEAFF	NLVPMVATV	0.5855854
CASSIRSSYEQYF	NLVPMVATV	0.6616564
CASSFQGFTEAFF	GILGLVFTL	0.70637494
CASSIRSSYEQYF	RPHERNGFTV	0.69105685
CASSPARNTEAFF	GILGFVFTL	0.5040588
CASSRGDTEAFF	SLLMWITQC	0.6563104
CASSYLGNTGELFF	SLLMWITQC	0.5932155
CASSSRSSYEQYF	GILGLVFTL	0.63226664
CASSPARNTEAFF	RPHERNGFTV	0.5066367
CASSYLGNTGELFF	NLVPMVATV	0.6280992
CASSPSRNTEAFF	RPHERNGFTV	0.67022634
CASSSRSSYEQYF	KLVALGINAV	0.6317509
CASSITLGTGGVEQYF	NLVPMVATV	0.87822044
CASSTRSTGELFF	KLVALGINAV	0.55905044
CASSTGNYGYTF	NLVPMVATV	0.58179617
CASSTGSYGYTF	NLVPMVATV	0.9304763
CASSFTLGTGGVEQYF	NLVPMVATV	0.5304966
CASSFQGFTEAFF	NLVPMVATV	0.6711465
CASSEGDTEAFF	NLVPMVATV	0.7925186
CASSSAYYGYTF	RPHERNGFTV	0.3956878
CASSPARNTEAFF	NLVPMVATV	0.5305989
CASSTRSTGELFF	NLVPMVATV	0.7179497
CASSTGNYGYTF	GILGFVFTL	0.64853185
CASSFTLGTGGVEQYF	GILEFVFTL	0.5008975
CASSRGDTEAFF	KLVALGINAV	0.6561657
CASSPSRNTEAFF	NLVPMVATV	0.7078033
CASSIRSSYEQYF	GILEFVFTL	0.6983649
CASSEGDTEAFF	KLVALGINAV	0.82806164
CASSSAYYGYTF	NLVPMVATV	0.51583225
