cdr3b,peptide,UMI,fraction
CAGATGTTYNEQFF,B0702_RPPIFIRRL_EBNA-3A_EBV,2.0,0.3333333333333333
CAISEFSGTSNQPQHF,B0702_RPPIFIRRL_EBNA-3A_EBV,1.0,0.5
CAISEGASGFTGELFF,B0702_RPPIFIRRL_EBNA-3A_EBV,1.0,0.5
CAISESEGAIQPQHF,B0702_RPPIFIRRL_EBNA-3A_EBV,1.0,0.058823529411764705
CASGAGGLNEQFF,B0702_RPPIFIRRL_EBNA-3A_EBV,2.0,0.016666666666666666
CASGGEQGTNTIYF,B0702_RPPIFIRRL_EBNA-3A_EBV,1.0,0.16666666666666666
CASGLVEGDSKNIQYF,B0702_RPPIFIRRL_EBNA-3A_EBV,1.0,0.011111111111111112
CASGSLQGFNEQFF,B0702_RPPIFIRRL_EBNA-3A_EBV,1.0,0.2
CASGTAPYEQYF,B0702_RPPIFIRRL_EBNA-3A_EBV,1.0,0.2
CASGVSGNTGELFF,B0702_RPPIFIRRL_EBNA-3A_EBV,1.0,0.05
CASIGESGELQETQYF,B0702_RPPIFIRRL_EBNA-3A_EBV,1.0,0.5
CASIPAGGPGDTQYF,B0702_RPPIFIRRL_EBNA-3A_EBV,1.0,0.007874015748031496
CASKDGISYEQYF,B0702_RPPIFIRRL_EBNA-3A_EBV,4.0,0.026530612244897958
CASREGLSNEQFF,B0702_RPPIFIRRL_EBNA-3A_EBV,1.0,0.08333333333333333
CASRQILAANTDTQYF,B0702_RPPIFIRRL_EBNA-3A_EBV,1.0,0.041666666666666664
CASRSKTGSKQPQHF,B0702_RPPIFIRRL_EBNA-3A_EBV,2.0,0.027149321266968326
CASRVGNTEAFF,B0702_RPPIFIRRL_EBNA-3A_EBV,8.0,0.030303030303030304
CASSAHWGSSTDTQYF,B0702_RPPIFIRRL_EBNA-3A_EBV,3.0,0.16666666666666666
CASSAPGQMNTEAFF,B0702_RPPIFIRRL_EBNA-3A_EBV,2.0,0.25
CASSARTGVGYGYTF,B0702_RPPIFIRRL_EBNA-3A_EBV,4.0,0.029411764705882353
CASSDPDRIKNIQYF,B0702_RPPIFIRRL_EBNA-3A_EBV,1.0,0.02857142857142857
CASSDRMNTEAFF,B0702_RPPIFIRRL_EBNA-3A_EBV,1.0,0.015384615384615385
CASSDSTGDGYTF,B0702_RPPIFIRRL_EBNA-3A_EBV,1.0,0.1111111111111111
CASSDSYSYGYTF,B0702_RPPIFIRRL_EBNA-3A_EBV,2.0,0.0136986301369863
CASSESETGPYEQYV,B0702_RPPIFIRRL_EBNA-3A_EBV,1.0,0.3333333333333333
CASSESFGGGVNTQYF,B0702_RPPIFIRRL_EBNA-3A_EBV,1.0,0.3333333333333333
CASSESRAGEQYV,B0702_RPPIFIRRL_EBNA-3A_EBV,3.0,0.5
CASSETGLAGVGTDTQYF,B0702_RPPIFIRRL_EBNA-3A_EBV,1.0,0.5
CASSFAGGGGYTF,B0702_RPPIFIRRL_EBNA-3A_EBV,1.0,0.25
CASSFGQQLEQYV,B0702_RPPIFIRRL_EBNA-3A_EBV,1.0,0.2
CASSFGVLELFF,B0702_RPPIFIRRL_EBNA-3A_EBV,1.0,0.5
CASSFHERDSSYEQYV,B0702_RPPIFIRRL_EBNA-3A_EBV,1.0,0.25
CASSFLNTGELFF,B0702_RPPIFIRRL_EBNA-3A_EBV,2.0,0.05263157894736842
CASSFQGSPQETQYF,B0702_RPPIFIRRL_EBNA-3A_EBV,2.0,0.014705882352941176
CASSFSLPAASDADRSGNTIYF,B0702_RPPIFIRRL_EBNA-3A_EBV,2.0,0.047619047619047616
CASSFTLRPGRGGYTF,B0702_RPPIFIRRL_EBNA-3A_EBV,2.0,0.5
CASSFTSGDSYNEQFF,B0702_RPPIFIRRL_EBNA-3A_EBV,1.0,0.5
CASSGRDRVWNNYGYTF,B0702_RPPIFIRRL_EBNA-3A_EBV,1.0,0.06666666666666667
CASSHGKTQYF,B0702_RPPIFIRRL_EBNA-3A_EBV,1.0,0.02564102564102564
CASSHRTSGGAFPYEQYF,B0702_RPPIFIRRL_EBNA-3A_EBV,1.0,0.07142857142857142
CASSHTQGARTEAFF,B0702_RPPIFIRRL_EBNA-3A_EBV,1.0,0.2
CASSIEPYNEQFF,B0702_RPPIFIRRL_EBNA-3A_EBV,1.0,0.2222222222222222
CASSIGGSSYNEQFF,B0702_RPPIFIRRL_EBNA-3A_EBV,7.0,0.043478260869565216
CASSISAGGAYEQYF,B0702_RPPIFIRRL_EBNA-3A_EBV,1.0,0.1
CASSITGETGSGNTEAFF,B0702_RPPIFIRRL_EBNA-3A_EBV,2.0,0.5
CASSLAGGLEEQFF,B0702_RPPIFIRRL_EBNA-3A_EBV,1.0,0.1
CASSLASGRSTEAFF,B0702_RPPIFIRRL_EBNA-3A_EBV,1.0,0.03418803418803419
CASSLDQQGVGEKLFF,B0702_RPPIFIRRL_EBNA-3A_EBV,2.0,0.01694915254237288
CASSLDRTGGTGELFF,B0702_RPPIFIRRL_EBNA-3A_EBV,1.0,0.03636363636363636
CASSLEAGGAYNEQFF,B0702_RPPIFIRRL_EBNA-3A_EBV,1.0,0.05263157894736842
CASSLELGLAEAFF,B0702_RPPIFIRRL_EBNA-3A_EBV,2.0,0.044642857142857144
CASSLEPSYEQYF,B0702_RPPIFIRRL_EBNA-3A_EBV,2.0,0.012698412698412698
CASSLERLAGTVGELFF,B0702_RPPIFIRRL_EBNA-3A_EBV,1.0,0.030303030303030304
CASSLFQGSGTEAFF,B0702_RPPIFIRRL_EBNA-3A_EBV,3.0,0.010101010101010102
CASSLGAASGLYYNEQFF,B0702_RPPIFIRRL_EBNA-3A_EBV,1.0,0.5
CASSLGQAYGYTF,B0702_RPPIFIRRL_EBNA-3A_EBV,1.0,0.021739130434782608
CASSLGQDGYTF,B0702_RPPIFIRRL_EBNA-3A_EBV,2.0,0.014534883720930232
CASSLGTGNGYTF,B0702_RPPIFIRRL_EBNA-3A_EBV,2.0,0.2
CASSLGYGYTF,B0702_RPPIFIRRL_EBNA-3A_EBV,2.0,0.017857142857142856
CASSLIEASGGFEQFF,B0702_RPPIFIRRL_EBNA-3A_EBV,1.0,0.041666666666666664
CASSLNPVNTEAFF,B0702_RPPIFIRRL_EBNA-3A_EBV,1.0,0.01020408163265306
CASSLNYNQPQHF,B0702_RPPIFIRRL_EBNA-3A_EBV,2.0,0.3333333333333333
CASSLSGSTDTQYF,B0702_RPPIFIRRL_EBNA-3A_EBV,3.0,0.14285714285714285
CASSLSGTWGEGYTF,B0702_RPPIFIRRL_EBNA-3A_EBV,2.0,0.02564102564102564
CASSLTDRVGQPQHF,B0702_RPPIFIRRL_EBNA-3A_EBV,1.0,0.038461538461538464
CASSLTRTDTQYF,B0702_RPPIFIRRL_EBNA-3A_EBV,1.0,0.023809523809523808
CASSLVELNTEAFF,B0702_RPPIFIRRL_EBNA-3A_EBV,1.0,0.2
CASSMGSLGYTF,B0702_RPPIFIRRL_EBNA-3A_EBV,1.0,0.5
CASSMSGPGTEAFF,B0702_RPPIFIRRL_EBNA-3A_EBV,3.0,0.022222222222222223
CASSMTSGELFF,B0702_RPPIFIRRL_EBNA-3A_EBV,1.0,0.125
CASSNSLPSGVSYNEQFF,B0702_RPPIFIRRL_EBNA-3A_EBV,8.0,0.0211864406779661
CASSPEGLLTEQFF,B0702_RPPIFIRRL_EBNA-3A_EBV,1.0,0.1
CASSPETGRETQYF,B0702_RPPIFIRRL_EBNA-3A_EBV,1.0,0.5
CASSPGAGGTDTQYF,B0702_RPPIFIRRL_EBNA-3A_EBV,2.0,0.5
CASSPGLAGGPDTGELFF,B0702_RPPIFIRRL_EBNA-3A_EBV,1.0,0.14285714285714285
CASSPGTGGFQPQHF,B0702_RPPIFIRRL_EBNA-3A_EBV,1.0,0.07142857142857142
CASSPGVRWGQYF,B0702_RPPIFIRRL_EBNA-3A_EBV,2.0,0.5
CASSPMDTQYF,B0702_RPPIFIRRL_EBNA-3A_EBV,3.0,0.015810276679841896
CASSPPGGQETQYF,B0702_RPPIFIRRL_EBNA-3A_EBV,2.0,0.008620689655172414
CASSPPPSGAKEGVRAGNTIYF,B0702_RPPIFIRRL_EBNA-3A_EBV,1.0,0.14285714285714285
CASSPPTEETQYF,B0702_RPPIFIRRL_EBNA-3A_EBV,1.0,0.1111111111111111
CASSPQKGIGTEAFF,B0702_RPPIFIRRL_EBNA-3A_EBV,1.0,0.3333333333333333
CASSPSAGVPYNEQFF,B0702_RPPIFIRRL_EBNA-3A_EBV,1.0,0.3333333333333333
CASSPSRDREFLYIQYF,B0702_RPPIFIRRL_EBNA-3A_EBV,1.0,0.014492753623188406
CASSPSTGGYEQFF,B0702_RPPIFIRRL_EBNA-3A_EBV,1.0,0.125
CASSPTGNWNTDTQYF,B0702_RPPIFIRRL_EBNA-3A_EBV,1.0,0.043478260869565216
CASSPTRVKPQHF,B0702_RPPIFIRRL_EBNA-3A_EBV,1.0,0.3333333333333333
CASSPTSGSLFTNEQFF,B0702_RPPIFIRRL_EBNA-3A_EBV,2.0,0.029411764705882353
CASSPYGYENEKLFF,B0702_RPPIFIRRL_EBNA-3A_EBV,5.0,0.058823529411764705
CASSQDHRMGGHEKLFF,B0702_RPPIFIRRL_EBNA-3A_EBV,5.0,0.013415892672858616
CASSQDRGPREQYF,B0702_RPPIFIRRL_EBNA-3A_EBV,1.0,0.5
CASSQDRPGGRPYNEQFF,B0702_RPPIFIRRL_EBNA-3A_EBV,1.0,0.125
CASSQEGGFTDTQYF,B0702_RPPIFIRRL_EBNA-3A_EBV,3.0,0.04081632653061224
CASSQEGRETEAFF,B0702_RPPIFIRRL_EBNA-3A_EBV,2.0,0.01
CASSQEWDPRETQYF,B0702_RPPIFIRRL_EBNA-3A_EBV,1.0,0.02631578947368421
CASSQGGKGEYLFNYGYTF,B0702_RPPIFIRRL_EBNA-3A_EBV,1.0,0.16666666666666666
CASSQGGYQGRNSPLHF,B0702_RPPIFIRRL_EBNA-3A_EBV,2.0,0.07407407407407407
CASSQGPGTVHEKLFF,B0702_RPPIFIRRL_EBNA-3A_EBV,2.0,0.03896103896103896
CASSQGRDRHGYTF,B0702_RPPIFIRRL_EBNA-3A_EBV,5.0,0.010351966873706004
CASSQGSQGAQETQYF,B0702_RPPIFIRRL_EBNA-3A_EBV,2.0,0.3333333333333333
CASSQTGLVLGGQETQYF,B0702_RPPIFIRRL_EBNA-3A_EBV,1.0,0.02247191011235955
CASSQTLGGSYGYTF,B0702_RPPIFIRRL_EBNA-3A_EBV,1.0,0.017543859649122806
CASSQVFRGPPGELFF,B0702_RPPIFIRRL_EBNA-3A_EBV,1.0,0.022222222222222223
CASSQVPGQGPNYGYTF,B0702_RPPIFIRRL_EBNA-3A_EBV,3.0,0.03773584905660377
CASSQYPGETDTQYF,B0702_RPPIFIRRL_EBNA-3A_EBV,3.0,0.05555555555555555
CASSRDRGEDTQYF,B0702_RPPIFIRRL_EBNA-3A_EBV,3.0,0.0072992700729927005
CASSRVFTTNEKLFF,B0702_RPPIFIRRL_EBNA-3A_EBV,2.0,0.2
CASSSDYNEQFF,B0702_RPPIFIRRL_EBNA-3A_EBV,1.0,0.3333333333333333
CASSSFDGLNSPLHF,B0702_RPPIFIRRL_EBNA-3A_EBV,9.0,0.09375
CASSSPGLANNEQFF,B0702_RPPIFIRRL_EBNA-3A_EBV,2.0,0.045454545454545456
CASSSRDNQETQYF,B0702_RPPIFIRRL_EBNA-3A_EBV,1.0,0.5
CASSSRDSQNQPQHF,B0702_RPPIFIRRL_EBNA-3A_EBV,2.0,0.014925373134328358
CASSTGLSGNTIYF,B0702_RPPIFIRRL_EBNA-3A_EBV,2.0,0.06666666666666667
CASSTYNEQFF,B0702_RPPIFIRRL_EBNA-3A_EBV,1.0,0.2
CASSYGAGGYNEQFF,B0702_RPPIFIRRL_EBNA-3A_EBV,1.0,0.011673151750972763
CASSYGQGAYEQYF,B0702_RPPIFIRRL_EBNA-3A_EBV,4.0,0.5
CASSYIIIEQYF,B0702_RPPIFIRRL_EBNA-3A_EBV,1.0,0.05263157894736842
CASSYRVSEAFF,B0702_RPPIFIRRL_EBNA-3A_EBV,1.0,0.1111111111111111
CASSYSNEGNGYTF,B0702_RPPIFIRRL_EBNA-3A_EBV,1.0,0.058823529411764705
CASSYSNLEGEENTIYF,B0702_RPPIFIRRL_EBNA-3A_EBV,1.0,0.3333333333333333
CASSYSPPDAVKYEQYF,B0702_RPPIFIRRL_EBNA-3A_EBV,1.0,0.125
CASSYSTGGNTEAFF,B0702_RPPIFIRRL_EBNA-3A_EBV,1.0,0.1
CASTEHSGGKYF,B0702_RPPIFIRRL_EBNA-3A_EBV,2.0,0.14285714285714285
CASTGTSGGPTLRDEQFF,B0702_RPPIFIRRL_EBNA-3A_EBV,2.0,0.011730205278592375
CASTGTSSVSGELFF,B0702_RPPIFIRRL_EBNA-3A_EBV,1.0,0.024390243902439025
CATMEPGQGPDTQYF,B0702_RPPIFIRRL_EBNA-3A_EBV,3.0,0.017241379310344827
CATSDGAGRASNQPQHF,B0702_RPPIFIRRL_EBNA-3A_EBV,2.0,0.5
CATSDRPGGANVLTF,B0702_RPPIFIRRL_EBNA-3A_EBV,1.0,0.3333333333333333
CATSGAAYSGANVLTF,B0702_RPPIFIRRL_EBNA-3A_EBV,2.0,0.053763440860215055
CATSRDNSGANVLTF,B0702_RPPIFIRRL_EBNA-3A_EBV,1.0,0.3333333333333333
CATSYGGHRVHV,B0702_RPPIFIRRL_EBNA-3A_EBV,1.0,0.14285714285714285
CAWGSGLGYGYTF,B0702_RPPIFIRRL_EBNA-3A_EBV,1.0,0.015873015873015872
CSADTGTGGPNQPQHF,B0702_RPPIFIRRL_EBNA-3A_EBV,1.0,0.14285714285714285
CSARARSARGRDQPQHF,B0702_RPPIFIRRL_EBNA-3A_EBV,1.0,0.3333333333333333
CSARDALAGTYNEQFF,B0702_RPPIFIRRL_EBNA-3A_EBV,1.0,0.07692307692307693
CSARDLEVLSYEQYF,B0702_RPPIFIRRL_EBNA-3A_EBV,5.0,0.01171875
CSARDRAGKETQYF,B0702_RPPIFIRRL_EBNA-3A_EBV,3.0,0.0425531914893617
CSARDRDTEAFF,B0702_RPPIFIRRL_EBNA-3A_EBV,2.0,0.125
CSARGLAGNEQFF,B0702_RPPIFIRRL_EBNA-3A_EBV,1.0,0.3333333333333333
CSARRQGVRETQYF,B0702_RPPIFIRRL_EBNA-3A_EBV,1.0,0.16666666666666666
CSATARGGTSGGKSYEQYF,B0702_RPPIFIRRL_EBNA-3A_EBV,2.0,0.10526315789473684
CSATSNGERTDTQYF,B0702_RPPIFIRRL_EBNA-3A_EBV,2.0,0.011111111111111112
CSAWDRLNTEAFF,B0702_RPPIFIRRL_EBNA-3A_EBV,2.0,0.014285714285714285
CSFRIGGTEAFF,B0702_RPPIFIRRL_EBNA-3A_EBV,3.0,0.05263157894736842
CSSPGGPNEKLFF,B0702_RPPIFIRRL_EBNA-3A_EBV,1.0,0.04
CSVAAPGNTEAFF,B0702_RPPIFIRRL_EBNA-3A_EBV,5.0,0.058823529411764705
CSVAGTGNTEAFF,B0702_RPPIFIRRL_EBNA-3A_EBV,2.0,0.07692307692307693
CSVDLEANYGYTF,B0702_RPPIFIRRL_EBNA-3A_EBV,7.0,0.019813519813519812
CSVPPGGANEQFF,B0702_RPPIFIRRL_EBNA-3A_EBV,1.0,0.2
