Model,Peptide,Value
With Heterogeneous GNN Module,FLKEMGGL,0.262543321
With Heterogeneous GNN Module,EAAGIGILTV,0.099107571
With Heterogeneous GNN Module,ELAGIGILTV,0.387518972
With Heterogeneous GNN Module,GTSGSPIIDK,0.350538373
With Heterogeneous GNN Module,ELAGIGILTV,0.338477254
With Heterogeneous GNN Module,ELAGIGILTV,0.350146681
With Heterogeneous GNN Module,RPHERNGFTV,0.16067344
With Heterogeneous GNN Module,LLYDANYFL,0.607916594
With Heterogeneous GNN Module,HPVGDADYFEY,0.157911628
With Heterogeneous GNN Module,GILEFVFTL,0.845420301
With Heterogeneous GNN Module,SFHSLHLLF,0.16935432
With Heterogeneous GNN Module,ELAGIGILTV,0.419818252
With Heterogeneous GNN Module,ELAGIGILTV,0.379412651
With Heterogeneous GNN Module,FLKEKGGL,0.327955306
With Heterogeneous GNN Module,YLQPRTFLL,0.075769372
With Heterogeneous GNN Module,AVGSYVYSV,0.176887393
With Heterogeneous GNN Module,FLKEKGGL,0.296490431
With Heterogeneous GNN Module,YVLDHLIVV,0.040482514
With Heterogeneous GNN Module,FLKEKGGL,0.326518595
With Heterogeneous GNN Module,FLKEKGGL,0.380215049
With Heterogeneous GNN Module,GPGHKARVL,0.340388596
With Heterogeneous GNN Module,FLKEKGGL,0.311820447
With Heterogeneous GNN Module,TPRVTGGGAM,0.240100652
With Heterogeneous GNN Module,FPRPWLHGL,0.212931007
With Heterogeneous GNN Module,ALSKGVHFV,0.102739081
With Heterogeneous GNN Module,FLRGRAYGL,0.01036774
With Heterogeneous GNN Module,LPPIVAKEI,0.399892181
With Heterogeneous GNN Module,QVPLRPMTYK,0.381518006
With Heterogeneous GNN Module,KLVALVINAV,0.128989011
With Heterogeneous GNN Module,KRWIIMGLNK,0.590174735
With Heterogeneous GNN Module,FPRPWLHGL,0.17991209
With Heterogeneous GNN Module,IPSINVHHY,0.56957227
With Heterogeneous GNN Module,EIYKRWII,0.413639665
With Heterogeneous GNN Module,HPKVSSEVHI,0.114986338
With Heterogeneous GNN Module,SLYNTVATL,0.435261875
With Heterogeneous GNN Module,FLKETGGL,0.190855369
With Heterogeneous GNN Module,MLNIPSINV,0.11374785
With Heterogeneous GNN Module,ARMILMTHF,0.080910899
With Heterogeneous GNN Module,ATDALMTGF,0.267320395
With Heterogeneous GNN Module,FLKEQGGL,0.243247762
With Heterogeneous GNN Module,LLLDRLNQL,0.113613769
With Heterogeneous GNN Module,RAKFKQLL,0.134019032
With Heterogeneous GNN Module,RPRGEVRFL,0.038252853
With Heterogeneous GNN Module,HPVGQADYFEY,0.728042424
With Heterogeneous GNN Module,IIKDYGKQM,0.522053659
With Heterogeneous GNN Module,VVVGAVGVGK,0.021201899
With Heterogeneous GNN Module,RPHERNGFTVL,0.009940479
With Heterogeneous GNN Module,VSFIEFVGW,0.116250008
With Heterogeneous GNN Module,QYDPVAALF,0.678834081
With Heterogeneous GNN Module,PTDNYITTY,0.043888073
With Heterogeneous GNN Module,GLNKIVRMY,0.877873242
With Heterogeneous GNN Module,CISSCNPNL,0.240767509
With Heterogeneous GNN Module,FPQGEAREL,0.382549882
With Heterogeneous GNN Module,EMLFSHGLVK,0.212844625
With Heterogeneous GNN Module,EEYLQAFTY,0.740010262
With Heterogeneous GNN Module,SLLMWITQC,0.801601231
With Heterogeneous GNN Module,ISPRTLNAW,0.189809397
With Heterogeneous GNN Module,EEYLKAWTF,0.045423623
With Heterogeneous GNN Module,MLAKALRKV,0.001246576
With Heterogeneous GNN Module,GILGLVFTL,0.014123855
With Heterogeneous GNN Module,SPRWYFYYL,0.0081161
With Heterogeneous GNN Module,LLFNKVTLA,0.548432469
With Heterogeneous GNN Module,FMPDFDLHL,0.000618863
With Heterogeneous GNN Module,NLSALGIFST,0.044212047
With Heterogeneous GNN Module,VLEETSVML,0.264123291
With Heterogeneous GNN Module,SSCMGGMNWR,0.44553104
With Heterogeneous GNN Module,FLKEMGGL,0.351631612
With Heterogeneous GNN Module,EAAGIGILTV,0.056373294
With Heterogeneous GNN Module,FPRPWLHGL,0.216703817
With Heterogeneous GNN Module,GTSGSPIIDK,0.340195
With Heterogeneous GNN Module,FPRPWLHGL,0.248298019
With Heterogeneous GNN Module,FPRPWLHGL,0.198916748
With Heterogeneous GNN Module,RPHERNGFTV,0.132368043
With Heterogeneous GNN Module,LLYDANYFL,0.52759701
With Heterogeneous GNN Module,HPVGDADYFEY,0.267255127
With Heterogeneous GNN Module,GILEFVFTL,0.90841639
With Heterogeneous GNN Module,SFHSLHLLF,0.158171386
With Heterogeneous GNN Module,GILGFVFTL,0.591802657
With Heterogeneous GNN Module,GILGFVFTL,0.572399735
With Heterogeneous GNN Module,GILGFVFTL,0.533340394
With Heterogeneous GNN Module,YLQPRTFLL,0.122277409
With Heterogeneous GNN Module,AVGSYVYSV,0.123718888
With Heterogeneous GNN Module,GILGFVFTL,0.606310546
With Heterogeneous GNN Module,YVLDHLIVV,0.040947352
With Heterogeneous GNN Module,GILGFVFTL,0.559984982
With Heterogeneous GNN Module,GLCTLVAML,0.065256484
With Heterogeneous GNN Module,GPGHKARVL,0.316067904
With Heterogeneous GNN Module,GLCTLVAML,0.066195786
With Heterogeneous GNN Module,TPRVTGGGAM,0.296263576
With Heterogeneous GNN Module,GLCTLVAML,0.063465379
With Heterogeneous GNN Module,ALSKGVHFV,0.048609231
With Heterogeneous GNN Module,FLRGRAYGL,0.010071405
With Heterogeneous GNN Module,LPPIVAKEI,0.495386004
With Heterogeneous GNN Module,QVPLRPMTYK,0.390789479
With Heterogeneous GNN Module,KLVALVINAV,0.122321375
With Heterogeneous GNN Module,KRWIIMGLNK,0.615244091
With Heterogeneous GNN Module,GLCTLVAML,0.068999849
With Heterogeneous GNN Module,IPSINVHHY,0.592940271
With Heterogeneous GNN Module,EIYKRWII,0.318462104
With Heterogeneous GNN Module,HPKVSSEVHI,0.106357627
With Heterogeneous GNN Module,SLYNTVATL,0.48816672
With Heterogeneous GNN Module,FLKETGGL,0.288651377
With Heterogeneous GNN Module,MLNIPSINV,0.102069274
With Heterogeneous GNN Module,ARMILMTHF,0.078074783
With Heterogeneous GNN Module,ATDALMTGF,0.308560878
With Heterogeneous GNN Module,FLKEQGGL,0.209374353
With Heterogeneous GNN Module,LLLDRLNQL,0.162896395
With Heterogeneous GNN Module,RAKFKQLL,0.120312631
With Heterogeneous GNN Module,RPRGEVRFL,0.035034552
With Heterogeneous GNN Module,HPVGQADYFEY,0.953561425
With Heterogeneous GNN Module,IIKDYGKQM,0.606125116
With Heterogeneous GNN Module,VVVGAVGVGK,0.024353251
With Heterogeneous GNN Module,RPHERNGFTVL,0.007277472
With Heterogeneous GNN Module,VSFIEFVGW,0.091805451
With Heterogeneous GNN Module,QYDPVAALF,0.576648533
With Heterogeneous GNN Module,PTDNYITTY,0.039190494
With Heterogeneous GNN Module,GLNKIVRMY,0.917612791
With Heterogeneous GNN Module,CISSCNPNL,0.271693766
With Heterogeneous GNN Module,FPQGEAREL,0.390445113
With Heterogeneous GNN Module,EMLFSHGLVK,0.229290456
With Heterogeneous GNN Module,EEYLQAFTY,0.952050626
With Heterogeneous GNN Module,SLLMWITQC,0.588924706
With Heterogeneous GNN Module,ISPRTLNAW,0.19824113
With Heterogeneous GNN Module,EEYLKAWTF,0.047079314
With Heterogeneous GNN Module,MLAKALRKV,0.000292795
With Heterogeneous GNN Module,GILGLVFTL,0.027106671
With Heterogeneous GNN Module,SPRWYFYYL,0.006282262
With Heterogeneous GNN Module,LLFNKVTLA,0.590145707
With Heterogeneous GNN Module,FMPDFDLHL,0.001462486
With Heterogeneous GNN Module,NLSALGIFST,0.048274066
With Heterogeneous GNN Module,VLEETSVML,0.094132982
With Heterogeneous GNN Module,SSCMGGMNWR,0.462985575
With Heterogeneous GNN Module,FLKEMGGL,0.298567295
With Heterogeneous GNN Module,EAAGIGILTV,0.080168709
With Heterogeneous GNN Module,GLCTLVAML,0.066056758
With Heterogeneous GNN Module,GTSGSPIIDK,0.352422297
With Heterogeneous GNN Module,GTSGSPIINR,0.321578056
With Heterogeneous GNN Module,GTSGSPIINR,0.37739107
With Heterogeneous GNN Module,RPHERNGFTV,0.182636306
With Heterogeneous GNN Module,LLYDANYFL,0.502386749
With Heterogeneous GNN Module,HPVGDADYFEY,0.163919985
With Heterogeneous GNN Module,GILEFVFTL,0.768721402
With Heterogeneous GNN Module,SFHSLHLLF,0.171121448
With Heterogeneous GNN Module,GTSGSPIINR,0.340191126
With Heterogeneous GNN Module,GTSGSPIINR,0.387938082
With Heterogeneous GNN Module,GTSGSPIINR,0.346193522
With Heterogeneous GNN Module,YLQPRTFLL,0.11093989
With Heterogeneous GNN Module,AVGSYVYSV,0.142743796
With Heterogeneous GNN Module,GTSGSPIVNR,0.222432598
With Heterogeneous GNN Module,YVLDHLIVV,0.037757851
With Heterogeneous GNN Module,GTSGSPIVNR,0.257181406
With Heterogeneous GNN Module,GTSGSPIVNR,0.229844704
With Heterogeneous GNN Module,GPGHKARVL,0.317228615
With Heterogeneous GNN Module,GTSGSPIVNR,0.256173342
With Heterogeneous GNN Module,TPRVTGGGAM,0.258773416
With Heterogeneous GNN Module,GTSGSPIVNR,0.235455275
With Heterogeneous GNN Module,ALSKGVHFV,0.054380722
With Heterogeneous GNN Module,FLRGRAYGL,0.010767911
With Heterogeneous GNN Module,LPPIVAKEI,0.423092037
With Heterogeneous GNN Module,QVPLRPMTYK,0.383163899
With Heterogeneous GNN Module,KLVALVINAV,0.121569537
With Heterogeneous GNN Module,KRWIIMGLNK,0.580072701
With Heterogeneous GNN Module,KAFSPEVIPMF,0.471823245
With Heterogeneous GNN Module,IPSINVHHY,0.527801394
With Heterogeneous GNN Module,EIYKRWII,0.381535947
With Heterogeneous GNN Module,HPKVSSEVHI,0.11422345
With Heterogeneous GNN Module,SLYNTVATL,0.434922844
With Heterogeneous GNN Module,FLKETGGL,0.299021393
With Heterogeneous GNN Module,MLNIPSINV,0.11083068
With Heterogeneous GNN Module,ARMILMTHF,0.079728469
With Heterogeneous GNN Module,ATDALMTGF,0.274932861
With Heterogeneous GNN Module,FLKEQGGL,0.250408381
With Heterogeneous GNN Module,LLLDRLNQL,0.146567777
With Heterogeneous GNN Module,RAKFKQLL,0.128841698
With Heterogeneous GNN Module,RPRGEVRFL,0.03828451
With Heterogeneous GNN Module,HPVGQADYFEY,0.786391914
With Heterogeneous GNN Module,IIKDYGKQM,0.431324542
With Heterogeneous GNN Module,VVVGAVGVGK,0.019514564
With Heterogeneous GNN Module,RPHERNGFTVL,0.009426
With Heterogeneous GNN Module,VSFIEFVGW,0.11668314
With Heterogeneous GNN Module,QYDPVAALF,0.601783156
With Heterogeneous GNN Module,PTDNYITTY,0.045905605
With Heterogeneous GNN Module,GLNKIVRMY,0.795168579
With Heterogeneous GNN Module,CISSCNPNL,0.191364154
With Heterogeneous GNN Module,FPQGEAREL,0.335619986
With Heterogeneous GNN Module,EMLFSHGLVK,0.215445161
With Heterogeneous GNN Module,EEYLQAFTY,0.780689776
With Heterogeneous GNN Module,SLLMWITQC,0.690909743
With Heterogeneous GNN Module,ISPRTLNAW,0.13455914
With Heterogeneous GNN Module,EEYLKAWTF,0.04592514
With Heterogeneous GNN Module,MLAKALRKV,0.001193212
With Heterogeneous GNN Module,GILGLVFTL,0.059658431
With Heterogeneous GNN Module,SPRWYFYYL,0.011035599
With Heterogeneous GNN Module,LLFNKVTLA,0.469068348
With Heterogeneous GNN Module,FMPDFDLHL,0.000749669
With Heterogeneous GNN Module,NLSALGIFST,0.053760827
With Heterogeneous GNN Module,VLEETSVML,0.228887409
With Heterogeneous GNN Module,SSCMGGMNWR,0.489286423
With Heterogeneous GNN Module,FLKEMGGL,0.318121552
With Heterogeneous GNN Module,EAAGIGILTV,0.066454343
With Heterogeneous GNN Module,KAFSPEVIPMF,0.611653268
With Heterogeneous GNN Module,GTSGSPIIDK,0.389279157
With Heterogeneous GNN Module,KAFSPEVIPMF,0.481649935
With Heterogeneous GNN Module,KAFSPEVIPMF,0.526677907
With Heterogeneous GNN Module,RPHERNGFTV,0.207491979
With Heterogeneous GNN Module,LLYDANYFL,0.604481816
With Heterogeneous GNN Module,HPVGDADYFEY,0.200554356
With Heterogeneous GNN Module,GILEFVFTL,0.951096892
With Heterogeneous GNN Module,SFHSLHLLF,0.182241783
With Heterogeneous GNN Module,KAFSPEVIPMF,0.484209836
With Heterogeneous GNN Module,KLVALGINAV,0.285528362
With Heterogeneous GNN Module,KLVALGINAV,0.251248688
With Heterogeneous GNN Module,YLQPRTFLL,0.116862349
With Heterogeneous GNN Module,AVGSYVYSV,0.176262468
With Heterogeneous GNN Module,KLVALGINAV,0.291925699
With Heterogeneous GNN Module,YVLDHLIVV,0.043200225
With Heterogeneous GNN Module,KLVALGINAV,0.280396879
With Heterogeneous GNN Module,KLVALGINAV,0.284699947
With Heterogeneous GNN Module,GPGHKARVL,0.389246523
With Heterogeneous GNN Module,KRWIILGLNK,0.299523383
With Heterogeneous GNN Module,TPRVTGGGAM,0.292159855
With Heterogeneous GNN Module,KRWIILGLNK,0.299593061
With Heterogeneous GNN Module,ALSKGVHFV,0.062111195
With Heterogeneous GNN Module,FLRGRAYGL,0.01099964
With Heterogeneous GNN Module,LPPIVAKEI,0.447788239
With Heterogeneous GNN Module,QVPLRPMTYK,0.462651849
With Heterogeneous GNN Module,KLVALVINAV,0.123081878
With Heterogeneous GNN Module,KRWIIMGLNK,0.677439749
With Heterogeneous GNN Module,KRWIILGLNK,0.29256922
With Heterogeneous GNN Module,IPSINVHHY,0.682920694
With Heterogeneous GNN Module,EIYKRWII,0.402661681
With Heterogeneous GNN Module,HPKVSSEVHI,0.113750301
With Heterogeneous GNN Module,SLYNTVATL,0.496287525
With Heterogeneous GNN Module,FLKETGGL,0.248348176
With Heterogeneous GNN Module,MLNIPSINV,0.108102955
With Heterogeneous GNN Module,ARMILMTHF,0.07912609
With Heterogeneous GNN Module,ATDALMTGF,0.278703988
With Heterogeneous GNN Module,FLKEQGGL,0.299234211
With Heterogeneous GNN Module,LLLDRLNQL,0.156234667
With Heterogeneous GNN Module,RAKFKQLL,0.133607
With Heterogeneous GNN Module,RPRGEVRFL,0.041783698
With Heterogeneous GNN Module,HPVGQADYFEY,0.837514281
With Heterogeneous GNN Module,IIKDYGKQM,0.620570064
With Heterogeneous GNN Module,VVVGAVGVGK,0.022590104
With Heterogeneous GNN Module,RPHERNGFTVL,0.010293552
With Heterogeneous GNN Module,VSFIEFVGW,0.092056014
With Heterogeneous GNN Module,QYDPVAALF,0.713749945
With Heterogeneous GNN Module,PTDNYITTY,0.041789167
With Heterogeneous GNN Module,GLNKIVRMY,0.962177217
With Heterogeneous GNN Module,CISSCNPNL,0.316794664
With Heterogeneous GNN Module,FPQGEAREL,0.420421034
With Heterogeneous GNN Module,EMLFSHGLVK,0.281861424
With Heterogeneous GNN Module,EEYLQAFTY,0.833011031
With Heterogeneous GNN Module,SLLMWITQC,0.624199033
With Heterogeneous GNN Module,ISPRTLNAW,0.179557279
With Heterogeneous GNN Module,EEYLKAWTF,0.054386731
With Heterogeneous GNN Module,MLAKALRKV,0.000555174
With Heterogeneous GNN Module,GILGLVFTL,0.074938968
With Heterogeneous GNN Module,SPRWYFYYL,0.011918943
With Heterogeneous GNN Module,LLFNKVTLA,0.63456136
With Heterogeneous GNN Module,FMPDFDLHL,0.000833945
With Heterogeneous GNN Module,NLSALGIFST,0.063516922
With Heterogeneous GNN Module,VLEETSVML,0.260661334
With Heterogeneous GNN Module,SSCMGGMNWR,0.544132233
With Heterogeneous GNN Module,FLKEMGGL,0.283533096
With Heterogeneous GNN Module,EAAGIGILTV,0.068573013
With Heterogeneous GNN Module,KRWIILGLNK,0.354659647
With Heterogeneous GNN Module,GTSGSPIIDK,0.353032321
With Heterogeneous GNN Module,KRWIILGLNK,0.302026868
With Heterogeneous GNN Module,NLVPMVATV,0.198493868
With Heterogeneous GNN Module,RPHERNGFTV,0.167167351
With Heterogeneous GNN Module,LLYDANYFL,0.554780781
With Heterogeneous GNN Module,HPVGDADYFEY,0.176357076
With Heterogeneous GNN Module,GILEFVFTL,0.803092957
With Heterogeneous GNN Module,SFHSLHLLF,0.158713385
With Heterogeneous GNN Module,NLVPMVATV,0.188066304
With Heterogeneous GNN Module,NLVPMVATV,0.198507175
With Heterogeneous GNN Module,NLVPMVATV,0.197901696
With Heterogeneous GNN Module,YLQPRTFLL,0.116952009
With Heterogeneous GNN Module,AVGSYVYSV,0.158746362
With Heterogeneous GNN Module,NLVPMVATV,0.195755005
With Heterogeneous GNN Module,YVLDHLIVV,0.071680762
With Heterogeneous GNN Module,TPQDLNTML,0.403820932
With Heterogeneous GNN Module,TPQDLNTML,0.473904729
With Heterogeneous GNN Module,GPGHKARVL,0.329963148
With Heterogeneous GNN Module,TPQDLNTML,0.390460759
With Heterogeneous GNN Module,TPRVTGGGAM,0.309205621
With Heterogeneous GNN Module,TPQDLNTML,0.448013842
With Heterogeneous GNN Module,ALSKGVHFV,0.050794348
With Heterogeneous GNN Module,FLRGRAYGL,0.009716592
With Heterogeneous GNN Module,LPPIVAKEI,0.436605781
With Heterogeneous GNN Module,QVPLRPMTYK,0.382032126
With Heterogeneous GNN Module,KLVALVINAV,0.125617892
With Heterogeneous GNN Module,KRWIIMGLNK,0.588925362
With Heterogeneous GNN Module,TPQDLNTML,0.386241406
With Heterogeneous GNN Module,IPSINVHHY,0.560782492
With Heterogeneous GNN Module,EIYKRWII,0.377940625
With Heterogeneous GNN Module,HPKVSSEVHI,0.108260654
With Heterogeneous GNN Module,SLYNTVATL,0.452755451
With Heterogeneous GNN Module,FLKETGGL,0.234386638
With Heterogeneous GNN Module,MLNIPSINV,0.104690284
With Heterogeneous GNN Module,ARMILMTHF,0.075688444
With Heterogeneous GNN Module,ATDALMTGF,0.294805884
With Heterogeneous GNN Module,FLKEQGGL,0.233513132
With Heterogeneous GNN Module,LLLDRLNQL,0.155087382
With Heterogeneous GNN Module,RAKFKQLL,0.114819005
With Heterogeneous GNN Module,RPRGEVRFL,0.035601191
With Heterogeneous GNN Module,HPVGQADYFEY,0.788931012
With Heterogeneous GNN Module,IIKDYGKQM,0.49719581
With Heterogeneous GNN Module,VVVGAVGVGK,0.018279299
With Heterogeneous GNN Module,RPHERNGFTVL,0.009739165
With Heterogeneous GNN Module,VSFIEFVGW,0.109258801
With Heterogeneous GNN Module,QYDPVAALF,0.709097326
With Heterogeneous GNN Module,PTDNYITTY,0.044705316
With Heterogeneous GNN Module,GLNKIVRMY,0.823074102
With Heterogeneous GNN Module,CISSCNPNL,0.219838738
With Heterogeneous GNN Module,FPQGEAREL,0.339319944
With Heterogeneous GNN Module,EMLFSHGLVK,0.201441452
With Heterogeneous GNN Module,EEYLQAFTY,0.790661216
With Heterogeneous GNN Module,SLLMWITQC,0.701736867
With Heterogeneous GNN Module,ISPRTLNAW,0.134781018
With Heterogeneous GNN Module,EEYLKAWTF,0.042897705
With Heterogeneous GNN Module,MLAKALRKV,0.00027077
With Heterogeneous GNN Module,GILGLVFTL,0.061419673
With Heterogeneous GNN Module,SPRWYFYYL,0.010271192
With Heterogeneous GNN Module,LLFNKVTLA,0.667990208
With Heterogeneous GNN Module,FMPDFDLHL,0.001174024
With Heterogeneous GNN Module,NLSALGIFST,0.053848997
With Heterogeneous GNN Module,VLEETSVML,0.139782861
With Heterogeneous GNN Module,SSCMGGMNWR,0.458557665
Without Heterogeneous GNN Module,FLKEMGGL,0.56105268
Without Heterogeneous GNN Module,EAAGIGILTV,0.384491712
Without Heterogeneous GNN Module,ELAGIGILTV,0.369623303
Without Heterogeneous GNN Module,GTSGSPIIDK,0.616924644
Without Heterogeneous GNN Module,ELAGIGILTV,0.396406025
Without Heterogeneous GNN Module,ELAGIGILTV,0.352518529
Without Heterogeneous GNN Module,RPHERNGFTV,0.513109207
Without Heterogeneous GNN Module,LLYDANYFL,0.73540318
Without Heterogeneous GNN Module,HPVGDADYFEY,0.203012437
Without Heterogeneous GNN Module,GILEFVFTL,0.117322028
Without Heterogeneous GNN Module,SFHSLHLLF,0.05115997
Without Heterogeneous GNN Module,ELAGIGILTV,0.391075969
Without Heterogeneous GNN Module,ELAGIGILTV,0.403174073
Without Heterogeneous GNN Module,FLKEKGGL,0.598355174
Without Heterogeneous GNN Module,YLQPRTFLL,0.024581224
Without Heterogeneous GNN Module,AVGSYVYSV,0.61439234
Without Heterogeneous GNN Module,FLKEKGGL,0.526830494
Without Heterogeneous GNN Module,YVLDHLIVV,0.051030166
Without Heterogeneous GNN Module,FLKEKGGL,0.607604742
Without Heterogeneous GNN Module,FLKEKGGL,0.509026229
Without Heterogeneous GNN Module,GPGHKARVL,0.680091262
Without Heterogeneous GNN Module,FLKEKGGL,0.651862204
Without Heterogeneous GNN Module,TPRVTGGGAM,0.527271628
Without Heterogeneous GNN Module,FPRPWLHGL,0.46132341
Without Heterogeneous GNN Module,ALSKGVHFV,0.40522936
Without Heterogeneous GNN Module,FLRGRAYGL,0.589743018
Without Heterogeneous GNN Module,LPPIVAKEI,0.611430109
Without Heterogeneous GNN Module,QVPLRPMTYK,0.625738204
Without Heterogeneous GNN Module,KLVALVINAV,0.173485935
Without Heterogeneous GNN Module,KRWIIMGLNK,0.500822365
Without Heterogeneous GNN Module,FPRPWLHGL,0.497787625
Without Heterogeneous GNN Module,IPSINVHHY,0.713136137
Without Heterogeneous GNN Module,EIYKRWII,0.380726576
Without Heterogeneous GNN Module,HPKVSSEVHI,0.533918083
Without Heterogeneous GNN Module,SLYNTVATL,0.650630236
Without Heterogeneous GNN Module,FLKETGGL,0.549849391
Without Heterogeneous GNN Module,MLNIPSINV,0.442182481
Without Heterogeneous GNN Module,ARMILMTHF,0.392396092
Without Heterogeneous GNN Module,ATDALMTGF,0.666085184
Without Heterogeneous GNN Module,FLKEQGGL,0.565122902
Without Heterogeneous GNN Module,LLLDRLNQL,0.566804409
Without Heterogeneous GNN Module,RAKFKQLL,0.575971603
Without Heterogeneous GNN Module,RPRGEVRFL,0.196915239
Without Heterogeneous GNN Module,HPVGQADYFEY,0.620630026
Without Heterogeneous GNN Module,IIKDYGKQM,0.475098789
Without Heterogeneous GNN Module,VVVGAVGVGK,0.385210574
Without Heterogeneous GNN Module,RPHERNGFTVL,0.671933472
Without Heterogeneous GNN Module,VSFIEFVGW,0.472808391
Without Heterogeneous GNN Module,QYDPVAALF,0.425166488
Without Heterogeneous GNN Module,PTDNYITTY,0.236979544
Without Heterogeneous GNN Module,GLNKIVRMY,0.208788842
Without Heterogeneous GNN Module,CISSCNPNL,0.383760303
Without Heterogeneous GNN Module,FPQGEAREL,0.389742374
Without Heterogeneous GNN Module,EMLFSHGLVK,0.781117857
Without Heterogeneous GNN Module,EEYLQAFTY,0.657551885
Without Heterogeneous GNN Module,SLLMWITQC,0.005672765
Without Heterogeneous GNN Module,ISPRTLNAW,0.475750774
Without Heterogeneous GNN Module,EEYLKAWTF,0.719203651
Without Heterogeneous GNN Module,MLAKALRKV,0.394070297
Without Heterogeneous GNN Module,GILGLVFTL,0.007223194
Without Heterogeneous GNN Module,SPRWYFYYL,0.004330915
Without Heterogeneous GNN Module,LLFNKVTLA,0.334380865
Without Heterogeneous GNN Module,FMPDFDLHL,0.267750412
Without Heterogeneous GNN Module,NLSALGIFST,0.112315081
Without Heterogeneous GNN Module,VLEETSVML,0.174840853
Without Heterogeneous GNN Module,SSCMGGMNWR,0.533603728
Without Heterogeneous GNN Module,FLKEMGGL,0.500652254
Without Heterogeneous GNN Module,EAAGIGILTV,0.37090525
Without Heterogeneous GNN Module,FPRPWLHGL,0.382081568
Without Heterogeneous GNN Module,GTSGSPIIDK,0.529196262
Without Heterogeneous GNN Module,FPRPWLHGL,0.52604115
Without Heterogeneous GNN Module,FPRPWLHGL,0.597461104
Without Heterogeneous GNN Module,RPHERNGFTV,0.563948631
Without Heterogeneous GNN Module,LLYDANYFL,0.562216341
Without Heterogeneous GNN Module,HPVGDADYFEY,0.463898212
Without Heterogeneous GNN Module,GILEFVFTL,0.063273266
Without Heterogeneous GNN Module,SFHSLHLLF,0.161009371
Without Heterogeneous GNN Module,GILGFVFTL,0.461881429
Without Heterogeneous GNN Module,GILGFVFTL,0.494791657
Without Heterogeneous GNN Module,GILGFVFTL,0.467248857
Without Heterogeneous GNN Module,YLQPRTFLL,0.018978862
Without Heterogeneous GNN Module,AVGSYVYSV,0.60164696
Without Heterogeneous GNN Module,GILGFVFTL,0.68244803
Without Heterogeneous GNN Module,YVLDHLIVV,0.054963745
Without Heterogeneous GNN Module,GILGFVFTL,0.615520716
Without Heterogeneous GNN Module,GLCTLVAML,0.145898566
Without Heterogeneous GNN Module,GPGHKARVL,0.532765388
Without Heterogeneous GNN Module,GLCTLVAML,0.0850472
Without Heterogeneous GNN Module,TPRVTGGGAM,0.397400916
Without Heterogeneous GNN Module,GLCTLVAML,0.074573264
Without Heterogeneous GNN Module,ALSKGVHFV,0.267989695
Without Heterogeneous GNN Module,FLRGRAYGL,0.32937485
Without Heterogeneous GNN Module,LPPIVAKEI,0.549541295
Without Heterogeneous GNN Module,QVPLRPMTYK,0.640220046
Without Heterogeneous GNN Module,KLVALVINAV,0.476895988
Without Heterogeneous GNN Module,KRWIIMGLNK,0.50524658
Without Heterogeneous GNN Module,GLCTLVAML,0.074252315
Without Heterogeneous GNN Module,IPSINVHHY,0.370051742
Without Heterogeneous GNN Module,EIYKRWII,0.584429204
Without Heterogeneous GNN Module,HPKVSSEVHI,0.515583277
Without Heterogeneous GNN Module,SLYNTVATL,0.558045208
Without Heterogeneous GNN Module,FLKETGGL,0.474719614
Without Heterogeneous GNN Module,MLNIPSINV,0.320835471
Without Heterogeneous GNN Module,ARMILMTHF,0.451709896
Without Heterogeneous GNN Module,ATDALMTGF,1.015341878
Without Heterogeneous GNN Module,FLKEQGGL,0.311496466
Without Heterogeneous GNN Module,LLLDRLNQL,0.561834097
Without Heterogeneous GNN Module,RAKFKQLL,0.189726055
Without Heterogeneous GNN Module,RPRGEVRFL,0.436860263
Without Heterogeneous GNN Module,HPVGQADYFEY,0.359208196
Without Heterogeneous GNN Module,IIKDYGKQM,0.588318229
Without Heterogeneous GNN Module,VVVGAVGVGK,0.330314994
Without Heterogeneous GNN Module,RPHERNGFTVL,0.397141784
Without Heterogeneous GNN Module,VSFIEFVGW,0.620408058
Without Heterogeneous GNN Module,QYDPVAALF,0.076042473
Without Heterogeneous GNN Module,PTDNYITTY,0.24282001
Without Heterogeneous GNN Module,GLNKIVRMY,0.121634349
Without Heterogeneous GNN Module,CISSCNPNL,0.560595274
Without Heterogeneous GNN Module,FPQGEAREL,0.525465488
Without Heterogeneous GNN Module,EMLFSHGLVK,0.703241587
Without Heterogeneous GNN Module,EEYLQAFTY,0.383801937
Without Heterogeneous GNN Module,SLLMWITQC,0.004725924
Without Heterogeneous GNN Module,ISPRTLNAW,0.570968091
Without Heterogeneous GNN Module,EEYLKAWTF,0.539096594
Without Heterogeneous GNN Module,MLAKALRKV,0.387035519
Without Heterogeneous GNN Module,GILGLVFTL,0.008071112
Without Heterogeneous GNN Module,SPRWYFYYL,0.005006471
Without Heterogeneous GNN Module,LLFNKVTLA,0.255888283
Without Heterogeneous GNN Module,FMPDFDLHL,0.236932963
Without Heterogeneous GNN Module,NLSALGIFST,0.127908021
Without Heterogeneous GNN Module,VLEETSVML,0.378065437
Without Heterogeneous GNN Module,SSCMGGMNWR,0.437033802
Without Heterogeneous GNN Module,FLKEMGGL,0.537179768
Without Heterogeneous GNN Module,EAAGIGILTV,0.310753256
Without Heterogeneous GNN Module,GLCTLVAML,0.069066919
Without Heterogeneous GNN Module,GTSGSPIIDK,0.47628516
Without Heterogeneous GNN Module,GTSGSPIINR,0.508197248
Without Heterogeneous GNN Module,GTSGSPIINR,0.510727108
Without Heterogeneous GNN Module,RPHERNGFTV,0.452246279
Without Heterogeneous GNN Module,LLYDANYFL,0.58209908
Without Heterogeneous GNN Module,HPVGDADYFEY,0.300085664
Without Heterogeneous GNN Module,GILEFVFTL,0.110528983
Without Heterogeneous GNN Module,SFHSLHLLF,0.16132094
Without Heterogeneous GNN Module,GTSGSPIINR,0.455601692
Without Heterogeneous GNN Module,GTSGSPIINR,0.532896101
Without Heterogeneous GNN Module,GTSGSPIINR,0.501344085
Without Heterogeneous GNN Module,YLQPRTFLL,0.019795569
Without Heterogeneous GNN Module,AVGSYVYSV,0.452735424
Without Heterogeneous GNN Module,GTSGSPIVNR,0.341034979
Without Heterogeneous GNN Module,YVLDHLIVV,0.042481758
Without Heterogeneous GNN Module,GTSGSPIVNR,0.319325536
Without Heterogeneous GNN Module,GTSGSPIVNR,0.289843738
Without Heterogeneous GNN Module,GPGHKARVL,0.616720259
Without Heterogeneous GNN Module,GTSGSPIVNR,0.338390648
Without Heterogeneous GNN Module,TPRVTGGGAM,0.470725685
Without Heterogeneous GNN Module,GTSGSPIVNR,0.319700181
Without Heterogeneous GNN Module,ALSKGVHFV,0.252881289
Without Heterogeneous GNN Module,FLRGRAYGL,0.534304559
Without Heterogeneous GNN Module,LPPIVAKEI,0.429638743
Without Heterogeneous GNN Module,QVPLRPMTYK,0.581200302
Without Heterogeneous GNN Module,KLVALVINAV,0.261604488
Without Heterogeneous GNN Module,KRWIIMGLNK,0.435373038
Without Heterogeneous GNN Module,KAFSPEVIPMF,0.521048188
Without Heterogeneous GNN Module,IPSINVHHY,0.672158778
Without Heterogeneous GNN Module,EIYKRWII,0.194488108
Without Heterogeneous GNN Module,HPKVSSEVHI,0.688287556
Without Heterogeneous GNN Module,SLYNTVATL,0.498806566
Without Heterogeneous GNN Module,FLKETGGL,0.575644433
Without Heterogeneous GNN Module,MLNIPSINV,0.213033199
Without Heterogeneous GNN Module,ARMILMTHF,0.329281271
Without Heterogeneous GNN Module,ATDALMTGF,0.545274258
Without Heterogeneous GNN Module,FLKEQGGL,0.321339279
Without Heterogeneous GNN Module,LLLDRLNQL,0.583853602
Without Heterogeneous GNN Module,RAKFKQLL,0.436647236
Without Heterogeneous GNN Module,RPRGEVRFL,0.18448402
Without Heterogeneous GNN Module,HPVGQADYFEY,0.238679424
Without Heterogeneous GNN Module,IIKDYGKQM,0.3468799
Without Heterogeneous GNN Module,VVVGAVGVGK,0.396880239
Without Heterogeneous GNN Module,RPHERNGFTVL,0.538096011
Without Heterogeneous GNN Module,VSFIEFVGW,0.251151502
Without Heterogeneous GNN Module,QYDPVAALF,0.065430924
Without Heterogeneous GNN Module,PTDNYITTY,0.159379154
Without Heterogeneous GNN Module,GLNKIVRMY,0.212796435
Without Heterogeneous GNN Module,CISSCNPNL,0.336373836
Without Heterogeneous GNN Module,FPQGEAREL,0.376923621
Without Heterogeneous GNN Module,EMLFSHGLVK,0.532648385
Without Heterogeneous GNN Module,EEYLQAFTY,0.243938237
Without Heterogeneous GNN Module,SLLMWITQC,0.00557191
Without Heterogeneous GNN Module,ISPRTLNAW,0.395650536
Without Heterogeneous GNN Module,EEYLKAWTF,0.449431658
Without Heterogeneous GNN Module,MLAKALRKV,0.417850167
Without Heterogeneous GNN Module,GILGLVFTL,0.007132855
Without Heterogeneous GNN Module,SPRWYFYYL,0.006350655
Without Heterogeneous GNN Module,LLFNKVTLA,0.319059074
Without Heterogeneous GNN Module,FMPDFDLHL,0.346013397
Without Heterogeneous GNN Module,NLSALGIFST,0.093164735
Without Heterogeneous GNN Module,VLEETSVML,0.431567013
Without Heterogeneous GNN Module,SSCMGGMNWR,0.375063807
Without Heterogeneous GNN Module,FLKEMGGL,0.463203043
Without Heterogeneous GNN Module,EAAGIGILTV,0.379106611
Without Heterogeneous GNN Module,KAFSPEVIPMF,0.375994772
Without Heterogeneous GNN Module,GTSGSPIIDK,0.532801926
Without Heterogeneous GNN Module,KAFSPEVIPMF,0.424922943
Without Heterogeneous GNN Module,KAFSPEVIPMF,0.559853315
Without Heterogeneous GNN Module,RPHERNGFTV,0.482020497
Without Heterogeneous GNN Module,LLYDANYFL,0.612074316
Without Heterogeneous GNN Module,HPVGDADYFEY,0.298761219
Without Heterogeneous GNN Module,GILEFVFTL,0.077736996
Without Heterogeneous GNN Module,SFHSLHLLF,0.218323797
Without Heterogeneous GNN Module,KAFSPEVIPMF,0.572065532
Without Heterogeneous GNN Module,KLVALGINAV,0.546463966
Without Heterogeneous GNN Module,KLVALGINAV,0.528117537
Without Heterogeneous GNN Module,YLQPRTFLL,0.022929488
Without Heterogeneous GNN Module,AVGSYVYSV,0.619120836
Without Heterogeneous GNN Module,KLVALGINAV,0.480637074
Without Heterogeneous GNN Module,YVLDHLIVV,0.061325777
Without Heterogeneous GNN Module,KLVALGINAV,0.479947805
Without Heterogeneous GNN Module,KLVALGINAV,0.495922923
Without Heterogeneous GNN Module,GPGHKARVL,0.536622882
Without Heterogeneous GNN Module,KRWIILGLNK,0.567909122
Without Heterogeneous GNN Module,TPRVTGGGAM,0.595377624
Without Heterogeneous GNN Module,KRWIILGLNK,0.534009695
Without Heterogeneous GNN Module,ALSKGVHFV,0.248821422
Without Heterogeneous GNN Module,FLRGRAYGL,0.200788394
Without Heterogeneous GNN Module,LPPIVAKEI,0.424880356
Without Heterogeneous GNN Module,QVPLRPMTYK,0.542499781
Without Heterogeneous GNN Module,KLVALVINAV,0.653457642
Without Heterogeneous GNN Module,KRWIIMGLNK,0.57364732
Without Heterogeneous GNN Module,KRWIILGLNK,0.501798928
Without Heterogeneous GNN Module,IPSINVHHY,0.423192501
Without Heterogeneous GNN Module,EIYKRWII,0.329728544
Without Heterogeneous GNN Module,HPKVSSEVHI,0.456420064
Without Heterogeneous GNN Module,SLYNTVATL,0.599260747
Without Heterogeneous GNN Module,FLKETGGL,0.424970657
Without Heterogeneous GNN Module,MLNIPSINV,0.443317592
Without Heterogeneous GNN Module,ARMILMTHF,0.399284661
Without Heterogeneous GNN Module,ATDALMTGF,0.920113504
Without Heterogeneous GNN Module,FLKEQGGL,0.295930237
Without Heterogeneous GNN Module,LLLDRLNQL,0.543271959
Without Heterogeneous GNN Module,RAKFKQLL,0.329364032
Without Heterogeneous GNN Module,RPRGEVRFL,0.501421928
Without Heterogeneous GNN Module,HPVGQADYFEY,0.516776562
Without Heterogeneous GNN Module,IIKDYGKQM,0.589820027
Without Heterogeneous GNN Module,VVVGAVGVGK,0.234996304
Without Heterogeneous GNN Module,RPHERNGFTVL,0.218727171
Without Heterogeneous GNN Module,VSFIEFVGW,0.424501598
Without Heterogeneous GNN Module,QYDPVAALF,0.137890652
Without Heterogeneous GNN Module,PTDNYITTY,0.206353441
Without Heterogeneous GNN Module,GLNKIVRMY,0.207806841
Without Heterogeneous GNN Module,CISSCNPNL,0.674459696
Without Heterogeneous GNN Module,FPQGEAREL,0.534137011
Without Heterogeneous GNN Module,EMLFSHGLVK,0.41091612
Without Heterogeneous GNN Module,EEYLQAFTY,0.516430914
Without Heterogeneous GNN Module,SLLMWITQC,0.002617389
Without Heterogeneous GNN Module,ISPRTLNAW,0.492287517
Without Heterogeneous GNN Module,EEYLKAWTF,0.579084039
Without Heterogeneous GNN Module,MLAKALRKV,0.261743605
Without Heterogeneous GNN Module,GILGLVFTL,0.005412926
Without Heterogeneous GNN Module,SPRWYFYYL,0.002071074
Without Heterogeneous GNN Module,LLFNKVTLA,0.390740931
Without Heterogeneous GNN Module,FMPDFDLHL,0.454026252
Without Heterogeneous GNN Module,NLSALGIFST,0.161457419
Without Heterogeneous GNN Module,VLEETSVML,0.431062758
Without Heterogeneous GNN Module,SSCMGGMNWR,0.697984934
Without Heterogeneous GNN Module,FLKEMGGL,0.534478962
Without Heterogeneous GNN Module,EAAGIGILTV,0.313005775
Without Heterogeneous GNN Module,KRWIILGLNK,0.547579765
Without Heterogeneous GNN Module,GTSGSPIIDK,0.47215119
Without Heterogeneous GNN Module,KRWIILGLNK,0.570777535
Without Heterogeneous GNN Module,NLVPMVATV,0.320328355
Without Heterogeneous GNN Module,RPHERNGFTV,0.733067989
Without Heterogeneous GNN Module,LLYDANYFL,0.617041409
Without Heterogeneous GNN Module,HPVGDADYFEY,0.179394335
Without Heterogeneous GNN Module,GILEFVFTL,0.138053656
Without Heterogeneous GNN Module,SFHSLHLLF,0.087021083
Without Heterogeneous GNN Module,NLVPMVATV,0.222488716
Without Heterogeneous GNN Module,NLVPMVATV,0.350048542
Without Heterogeneous GNN Module,NLVPMVATV,0.309119016
Without Heterogeneous GNN Module,YLQPRTFLL,0.02286399
Without Heterogeneous GNN Module,AVGSYVYSV,0.474845469
Without Heterogeneous GNN Module,NLVPMVATV,0.265153527
Without Heterogeneous GNN Module,YVLDHLIVV,0.058328383
Without Heterogeneous GNN Module,TPQDLNTML,0.70374465
Without Heterogeneous GNN Module,TPQDLNTML,0.470698059
Without Heterogeneous GNN Module,GPGHKARVL,0.675910115
Without Heterogeneous GNN Module,TPQDLNTML,0.732005179
Without Heterogeneous GNN Module,TPRVTGGGAM,0.483641952
Without Heterogeneous GNN Module,TPQDLNTML,0.454454541
Without Heterogeneous GNN Module,ALSKGVHFV,0.295734614
Without Heterogeneous GNN Module,FLRGRAYGL,0.469036996
Without Heterogeneous GNN Module,LPPIVAKEI,0.379938066
Without Heterogeneous GNN Module,QVPLRPMTYK,0.552752435
Without Heterogeneous GNN Module,KLVALVINAV,0.557427585
Without Heterogeneous GNN Module,KRWIIMGLNK,0.579111159
Without Heterogeneous GNN Module,TPQDLNTML,0.526362479
Without Heterogeneous GNN Module,IPSINVHHY,0.369614273
Without Heterogeneous GNN Module,EIYKRWII,0.320446491
Without Heterogeneous GNN Module,HPKVSSEVHI,0.450745702
Without Heterogeneous GNN Module,SLYNTVATL,0.581846237
Without Heterogeneous GNN Module,FLKETGGL,0.617842495
Without Heterogeneous GNN Module,MLNIPSINV,0.355761498
Without Heterogeneous GNN Module,ARMILMTHF,0.47224921
Without Heterogeneous GNN Module,ATDALMTGF,0.658123612
Without Heterogeneous GNN Module,FLKEQGGL,0.297252983
Without Heterogeneous GNN Module,LLLDRLNQL,0.446838468
Without Heterogeneous GNN Module,RAKFKQLL,0.357523501
Without Heterogeneous GNN Module,RPRGEVRFL,0.766147792
Without Heterogeneous GNN Module,HPVGQADYFEY,0.495313168
Without Heterogeneous GNN Module,IIKDYGKQM,0.378955752
Without Heterogeneous GNN Module,VVVGAVGVGK,0.366351843
Without Heterogeneous GNN Module,RPHERNGFTVL,0.474248976
Without Heterogeneous GNN Module,VSFIEFVGW,0.265480936
Without Heterogeneous GNN Module,QYDPVAALF,0.302111059
Without Heterogeneous GNN Module,PTDNYITTY,0.330524147
Without Heterogeneous GNN Module,GLNKIVRMY,0.19472757
Without Heterogeneous GNN Module,CISSCNPNL,0.525081396
Without Heterogeneous GNN Module,FPQGEAREL,0.541007042
Without Heterogeneous GNN Module,EMLFSHGLVK,0.466460049
Without Heterogeneous GNN Module,EEYLQAFTY,0.503655136
Without Heterogeneous GNN Module,SLLMWITQC,0.005928935
Without Heterogeneous GNN Module,ISPRTLNAW,0.368661553
Without Heterogeneous GNN Module,EEYLKAWTF,0.455561936
Without Heterogeneous GNN Module,MLAKALRKV,0.30282563
Without Heterogeneous GNN Module,GILGLVFTL,0.005867141
Without Heterogeneous GNN Module,SPRWYFYYL,0.004765193
Without Heterogeneous GNN Module,LLFNKVTLA,0.263473988
Without Heterogeneous GNN Module,FMPDFDLHL,0.315863341
Without Heterogeneous GNN Module,NLSALGIFST,0.109621286
Without Heterogeneous GNN Module,VLEETSVML,0.441145033
Without Heterogeneous GNN Module,SSCMGGMNWR,0.48828733